Gran Canaria;Gran Canaria es una de las islas de la comunidad autónoma española de Canarias, frente al noroeste de África.;Las Palmas de Gran Canaria;https://www.grancanaria.com/turismo/;https://www.grancanaria.com/turismo/;img1.jpg
Agaete;Tiene mucho calor aqui;Agaete;https://www.grancanaria.com/turismo/;https://www.grancanaria.com/turismo/;img2.jpg
Gran Canaria;Gran Canaria es una de las islas de la comunidad autónoma española de Canarias, frente al noroeste de África.;Las Palmas de Gran Canaria;https://www.grancanaria.com/turismo/;https://www.grancanaria.com/turismo/;img1.jpg
Agaete;Tiene mucho calor aqui;Agaete;https://www.grancanaria.com/turismo/;https://www.grancanaria.com/turismo/;img2.jpg
Gran Canaria;Gran Canaria es una de las islas de la comunidad autónoma española de Canarias, frente al noroeste de África.;Las Palmas de Gran Canaria;https://www.grancanaria.com/turismo/;https://www.grancanaria.com/turismo/;img1.jpg
Agaete;Tiene mucho calor aqui;Agaete;https://www.grancanaria.com/turismo/;https://www.grancanaria.com/turismo/;img2.jpg
Gran Canaria;Gran Canaria es una de las islas de la comunidad autónoma española de Canarias, frente al noroeste de África.;Las Palmas de Gran Canaria;https://www.grancanaria.com/turismo/;https://www.grancanaria.com/turismo/;img1.jpg
Agaete;Tiene mucho calor aqui;Agaete;https://www.grancanaria.com/turismo/;https://www.grancanaria.com/turismo/;img2.jpg
Galdar;ayyyyy;Las Palmas de Gran Canaria;www.haha.com;www.test.com;img1.jpg
;ayyyyy;Las Palmas de Gran Canaria;www.haha.com;www.test.com;img1.jpg
;;Las Palmas de Gran Canaria;www.haha.com;www.test.com;
;;Las Palmas de Gran Canaria;www.haha.com;www.test.com;img1.jpg
